{
    "herolist": [{
        "sl": 1,
        "title": "Batman",
        "gender": "male",
        "firstname": "Bruce",
        "lastname": "Wayne",
        "city": "Gotham",
        "ticketprice": 123.4567,
        "releasedate": "1/26/2018",
        "poster": "https://tooncrush.com/valtech/batman.jpg",
        "movieslist": [
            {
                "title": "Batman Begins",
                "poster": "assets/images/bat1_tn.jpg"
            }, {
                "title": "Dark Knight",
                "poster": "assets/images/bat2_tn.jpg"
            }, {
                "title": "Dark Knight Raises",
                "poster": "assets/images/bat3_tn.jpg"
            }
        ]
    
    },
    {
        "sl": 2,
        "title": "Superman",
        "gender": "male",
        "firstname": "Clark",
        "lastname": "Kent",
        "city": "Metropolis",
        "ticketprice": 178.6789,
        "releasedate": "1/27/2018",
        "poster": "https://tooncrush.com/valtech/superman.jpg",
        "movieslist": [
            {
                "title": "Superman The Movie",
                "poster": "assets/images/super1_tn.jpg"
            }, {
                "title": "Superman Returns",
                "poster": "assets/images/super2_tn.jpg"
            }, {
                "title": "Superman Man of Steel",
                "poster": "assets/images/super3_tn.jpg"
            }
        ]
    
    },
    {
        "sl": 3,
        "title": "Ironman",
        "gender": "male",
        "firstname": "Tony",
        "lastname": "Stark",
        "city": "New York",
        "ticketprice": 122,
        "releasedate": "1/27/2018",
        "poster": "https://tooncrush.com/valtech/ironman.jpg",
        "movieslist": [
            {
                "title": "Ironman",
                "poster": "assets/images/iron1_tn.jpg"
            }, {
                "title": "Ironman 2",
                "poster": "assets/images/iron2_tn.jpg"
            }, {
                "title": "Ironman 3",
                "poster": "assets/images/iron3_tn.jpg"
            }
        ]
    
    }, {
        "sl": 4,
        "title": "Phantom",
        "gender": "male",
        "firstname": "Kit",
        "lastname": "Walker",
        "city": "Bhangala",
        "ticketprice": 98.6456,
        "releasedate": "1/27/2018",
        "poster": "https://tooncrush.com/valtech/phantom.jpg",
        "movieslist": [
            {
                "title": "The Phantom Slam Evilz",
                "poster": "assets/images/phantom1_tn.jpg"
            }
        ]
    
    }, {
        "sl": 5,
        "title": "Spiderman",
        "gender": "male",
        "firstname": "Peter",
        "lastname": "Parker",
        "city": "New York",
        "ticketprice": 1.3456,
        "releasedate": "9/26/2018",
        "poster": "https://tooncrush.com/valtech/spiderman.jpg",
        "movieslist": [
            {
                "title": "Spiderman",
                "poster": "assets/images/spider1_tn.jpg"
            }, {
                "title": "Spiderman 2",
                "poster": "assets/images/spider2_tn.jpg"
            }, {
                "title": "Spiderman 3",
                "poster": "assets/images/spider3_tn.jpg"
            }
        ]
    },
    {
        "sl": 6,
        "title": "Wonder Women",
        "gender": "female",
        "firstname": "Princess",
        "lastname": "Diana",
        "city": "Amazon",
        "ticketprice": 341.3456978978,
        "releasedate": "11/26/2018",
        "poster": "https://tooncrush.com/valtech/wonderwoman.jpg",
        "movieslist" : []
    }]
}